{
  "timestamp": "2026-05-23T12:31:08.594996",
  "results": {
    "detection": {
      "avg_ms": 0.18952200101921335,
      "median_ms": 0.17980000120587647,
      "fps": 5276.432259168802
    },
    "tracking": {
      "avg_ms": 0.04507299978286028,
      "fps": 22186.231331784264
    },
    "analytics": {
      "avg_ms": 0.0795619995915331,
      "fps": 12568.814322590491
    },
    "pipeline": {
      "avg_ms": 2.66617999994196,
      "fps": 375.0684500002884
    }
  }
}